id,"product-live-url","product-image","offer-price","original-price","product-charge","discount","product-name","product-badge"
1,"https://www.joyalukkas.in/mystic-floral-radiance-diamond-necklace-dsdn00012136.html","https://cdn.joyalukkas.in/media/catalog/product/d/s/dsdn00012136.jpg?tr=w-360","₹3,170,000","₹3,407,000","on Making Charges","50% Off","Mystic Floral Radiance Diamond Necklace","New"
2,"https://www.joyalukkas.in/novel-gold-bangles-ds1300046438.html","https://cdn.joyalukkas.in/media/catalog/product/d/s/ds1300046438_1.jpg?tr=w-360","₹237,044","₹261,421","on Making Charges","50% Off","Novel Gold Bangles","Express Delivery"
3,"https://www.joyalukkas.in/gilded-lakshmi-grace-gold-necklace-cn1400070615.html","https://cdn.joyalukkas.in/media/catalog/product/c/l/cl1400070615.jpg?tr=w-360","₹697,000","₹773,000","on Making Charges","50% Off","Gilded Lakshmi Grace Gold Necklace",
4,"https://www.joyalukkas.in/uncommon-gold-bangles-ds1300026432.html","https://cdn.joyalukkas.in/media/catalog/product/d/s/ds1300026432_1.jpg?tr=w-360","₹169,183","₹186,577","on Making Charges","50% Off","Uncommon Gold Bangles","New"
5,"https://www.joyalukkas.in/antique-floral-gold-necklace-ds1400109670.html","https://cdn.joyalukkas.in/media/catalog/product/d/s/ds1400109673_1_1.jpg?tr=w-360","₹1,324,000","₹1,460,000","on Making Charges","50% Off","Antique Floral Gold Necklace",
6,"https://www.joyalukkas.in/astonishing-sea-shell-gold-bangle-bm13082608.html","https://cdn.joyalukkas.in/media/catalog/product/b/m/bm13082608_1.jpg?tr=w-360","₹335,250","₹369,565","on Making Charges","50% Off","Astonishing Sea Shell Gold Bangle","New"
7,"https://www.joyalukkas.in/regal-emerald-diamond-necklace-dsdn00015268.html","https://cdn.joyalukkas.in/media/catalog/product/d/s/dsdn00015268.jpg?tr=w-360","₹5,698,000","₹5,872,000","on Making Charges","50% Off","Regal Emerald Diamond Necklace",
8,"https://www.joyalukkas.in/charming-bloom-diamond-choker-dsdn00014366.html","https://cdn.joyalukkas.in/media/catalog/product/d/s/dsdn00014366.jpg?tr=w-360","₹1,722,000","₹1,865,000","on Making Charges","50% Off","Charming Bloom Diamond Choker","New"
9,"https://www.joyalukkas.in/pink-stone-mesh-designer-gold-bangle-bm13077239.html","https://cdn.joyalukkas.in/media/catalog/product/b/m/bm13077239_1.jpg?tr=w-360","₹167,807","₹184,815","on Making Charges","50% Off","Pink Stone Mesh Designer Gold Bangle","New"
10,"https://www.joyalukkas.in/lavish-bloom-diamond-earrings-dsde00044608.html","https://cdn.joyalukkas.in/media/catalog/product/d/s/dsde00044608.jpg?tr=w-360","₹898,000","₹967,000","on Making Charges","50% Off","Lavish Bloom Diamond Earrings","New"
11,"https://www.joyalukkas.in/whirling-bliss-diamond-bangle-dsdg00004053.html","https://cdn.joyalukkas.in/media/catalog/product/d/s/dsdg00004053.jpg?tr=w-360","₹578,000","₹616,000","on Making Charges","50% Off","Whirling Bliss Diamond Bangle",
12,"https://www.joyalukkas.in/classic-round-plated-designer-gold-bangle-tc1300010980.html","https://cdn.joyalukkas.in/media/catalog/product/t/c/tc1300010980_1.jpg?tr=w-360","₹155,773","₹167,976","on Making Charges","50% Off","Classic Round Plated Designer Gold Bangle","Express Delivery"
13,"https://www.joyalukkas.in/layered-paisley-beauty-diamond-necklace-dsdn00012243.html","https://cdn.joyalukkas.in/media/catalog/product/d/s/dsdn00012243.jpg?tr=w-360","₹4,937,000","₹5,244,000","on Making Charges","50% Off","Layered Paisley Beauty Diamond Necklace",
14,"https://www.joyalukkas.in/mystic-floral-radiance-diamond-earrings-dsde00042603.html","https://cdn.joyalukkas.in/media/catalog/product/d/s/dsde00042603.jpg?tr=w-360","₹397,493","₹457,660","on Making Charges","50% Off","Mystic Floral Radiance Diamond Earrings",
15,"https://www.joyalukkas.in/traditional-gold-necklace-ds1400026689.html","https://cdn.joyalukkas.in/media/catalog/product/d/s/ds1400026689_1.jpg?tr=w-360","₹63,271","₹69,706","on Making Charges","50% Off","Traditional Gold Necklace","Express Delivery"
16,"https://www.joyalukkas.in/lavish-bloom-diamond-necklace-dsdn00015236.html","https://cdn.joyalukkas.in/media/catalog/product/d/s/dsdn00015236.jpg?tr=w-360","₹3,962,000","₹4,267,000","on Making Charges","50% Off","Lavish Bloom Diamond Necklace",
17,"https://www.joyalukkas.in/traditional-gold-necklace-ds1400026687.html","https://cdn.joyalukkas.in/media/catalog/product/d/s/ds1400026687_1.jpg?tr=w-360","₹38,781","₹43,008","on Making Charges","50% Off","Traditional Gold Necklace","New"
18,"https://www.joyalukkas.in/flute-bliss-gold-jhumkas-ds1100204502.html","https://cdn.joyalukkas.in/media/catalog/product/d/s/ds1100204502.jpg?tr=w-360","₹437,901","₹484,571","on Making Charges","50% Off","Flute Bliss Gold Jhumkas",
19,"https://www.joyalukkas.in/traditional-gold-necklace-ds1400026692.html","https://cdn.joyalukkas.in/media/catalog/product/d/s/ds1400026692_1.jpg?tr=w-360","₹35,737","₹39,626","on Making Charges","50% Off","Traditional Gold Necklace","Express Delivery"
20,"https://www.joyalukkas.in/regal-peacock-blossom-diamond-necklace-dsdn00012145.html","https://cdn.joyalukkas.in/media/catalog/product/v/w/vwdn00012145.jpg?tr=w-360","₹3,082,000","₹3,294,000","on Making Charges","50% Off","Regal Peacock Blossom Diamond Necklace",
21,"https://www.joyalukkas.in/goddess-grace-gold-necklace-cn1400070607.html","https://cdn.joyalukkas.in/media/catalog/product/c/l/cl1400070607.jpg?tr=w-360","₹1,376,000","₹1,527,000","on Making Charges","50% Off","Goddess Grace Gold Necklace","New"
22,"https://www.joyalukkas.in/blush-red-stylish-round-pattern-gold-bangle-ds1300001780.html","https://cdn.joyalukkas.in/media/catalog/product/d/s/ds1300001780_1.jpg?tr=w-360","₹194,619","₹211,491","on Making Charges","50% Off","Blush Red Stylish Round Pattern Gold Bangle","Express Delivery"
23,"https://www.joyalukkas.in/majestic-plumage-gold-jhumkas-cn1100134195.html","https://cdn.joyalukkas.in/media/catalog/product/c/n/cn1100134195.jpg?tr=w-360","₹274,544","₹304,130","on Making Charges","50% Off","Majestic Plumage Gold Jhumkas",
24,"https://www.joyalukkas.in/multi-gem-rustic-gold-bangle-bm13037567.html","https://cdn.joyalukkas.in/media/catalog/product/b/m/bm13037567_1.jpg?tr=w-360","₹167,439","₹181,894","on Making Charges","50% Off","Multi Gem Rustic Gold Bangle","Express Delivery"
25,"https://www.joyalukkas.in/elegant-leafy-radiance-diamond-choker-necklace-dsdn00013867.html","https://cdn.joyalukkas.in/media/catalog/product/d/s/dsdn00013867.jpg?tr=w-360","₹2,965,000","₹3,261,000","on Making Charges","50% Off","Elegant Leafy Radiance Diamond Choker Necklace",
26,"https://www.joyalukkas.in/goddess-grace-gold-jhumkas-ds1100204869.html","https://cdn.joyalukkas.in/media/catalog/product/d/s/ds1100204869.jpg?tr=w-360","₹175,085","₹194,272","on Making Charges","50% Off","Goddess Grace Gold Jhumkas","New"
27,"https://www.joyalukkas.in/blooming-elegance-diamond-jhumkas-dsde00041950.html","https://cdn.joyalukkas.in/media/catalog/product/d/s/dsde00041950.jpg?tr=w-360","₹521,000","₹563,000","on Making Charges","50% Off","Blooming Elegance Diamond Jhumkas",
28,"https://www.joyalukkas.in/royal-lakshmi-radiance-gold-necklace-ds1400106172.html","https://cdn.joyalukkas.in/media/catalog/product/d/s/ds1400106712_1.jpg?tr=w-360","₹2,156,000","₹2,452,000","on Making Charges","50% Off","Royal Lakshmi Radiance Gold Necklace","New"
29,"https://www.joyalukkas.in/stunning-strikes-sequence-gold-bangle-bm13087674.html","https://cdn.joyalukkas.in/media/catalog/product/b/m/bm13087674_1.jpg?tr=w-360","₹160,617","₹176,954","on Making Charges","50% Off","Stunning Strikes Sequence Gold Bangle",
30,"https://www.joyalukkas.in/dazzling-luminary-earring-dsde00030378.html","https://cdn.joyalukkas.in/media/catalog/product/d/s/dsde00030378_1.jpg?tr=w-360","₹70,074","₹75,972","on Making Charges","50% Off","Dazzling Luminary Earring","New"
31,"https://www.joyalukkas.in/captivating-gemstone-bangles-dspg00005027.html","https://cdn.joyalukkas.in/media/catalog/product/d/s/dspg00005027_1.jpg?tr=w-360","₹106,986","₹118,467","on Making Charges","50% Off","Captivating Gemstone Bangles",
32,"https://www.joyalukkas.in/thin-multi-gem-classy-gold-bangle-bm13054001.html","https://cdn.joyalukkas.in/media/catalog/product/b/m/bm13054001_1.jpg?tr=w-360","₹101,600","₹110,415","on Making Charges","50% Off","Thin Multi Gem Classy Gold Bangle","Express Delivery"
33,"https://www.joyalukkas.in/regal-gemstone-bangles-dspg00001920.html","https://cdn.joyalukkas.in/media/catalog/product/d/s/dspg00001920_1.jpg?tr=w-360","₹144,063","₹155,804","on Making Charges","50% Off","Regal Gemstone Bangles",
34,"https://www.joyalukkas.in/rustic-round-gold-bangle-ds1300002243.html","https://cdn.joyalukkas.in/media/catalog/product/d/s/ds1300002243_1.jpg?tr=w-360","₹152,008","₹167,651","on Making Charges","50% Off","Rustic Round Gold Bangle","New"
35,"https://www.joyalukkas.in/droplet-delight-ring-dsdr00021793.html","https://cdn.joyalukkas.in/media/catalog/product/d/s/dsdr00021793_1.jpg?tr=w-360","₹22,720","₹24,897","on Making Charges","50% Off","Droplet Delight Ring",
36,"https://www.joyalukkas.in/gleaming-gemstone-bangles-dspg00004121.html","https://cdn.joyalukkas.in/media/catalog/product/d/s/dspg00004121_1.jpg?tr=w-360","₹98,417","₹109,059","on Making Charges","50% Off","Gleaming Gemstone Bangles",
37,"https://www.joyalukkas.in/exquisite-gold-bangle-ds1300013022.html","https://cdn.joyalukkas.in/media/catalog/product/d/s/ds1300013022_1.jpg?tr=w-360","₹184,123","₹202,988","on Making Charges","50% Off","Exquisite Gold Bangle","New"
38,"https://www.joyalukkas.in/diamond-elegance-bracelet-dsdb00001570.html","https://cdn.joyalukkas.in/media/catalog/product/d/s/dsdb00001570_1.jpg?tr=w-360","₹378,923","₹413,024","on Making Charges","50% Off","Diamond Elegance Bracelet",
39,"https://www.joyalukkas.in/majestic-gemstone-bangles-dspg00003354.html","https://cdn.joyalukkas.in/media/catalog/product/d/s/dspg00003354_1.jpg?tr=w-360","₹93,091","₹102,809","on Making Charges","50% Off","Majestic Gemstone Bangles",
40,"https://www.joyalukkas.in/thin-bumpy-edge-exciting-designer-gold-bangle-bm13088820.html","https://cdn.joyalukkas.in/media/catalog/product/b/m/bm13088820_1.jpg?tr=w-360","₹174,254","₹189,334","on Making Charges","50% Off","Thin Bumpy Edge Exciting Designer Gold Bangle","New"
41,"https://www.joyalukkas.in/multi-gem-rough-border-gold-bangle-ds1300001805.html","https://cdn.joyalukkas.in/media/catalog/product/d/s/ds1300001805_1.jpg?tr=w-360","₹159,658","₹173,502","on Making Charges","50% Off","Multi Gem Rough Border Gold Bangle","Express Delivery"
42,"https://www.joyalukkas.in/icy-delight-earring-dsde00030381.html","https://cdn.joyalukkas.in/media/catalog/product/d/s/dsde00030381_1.jpg?tr=w-360","₹38,596","₹41,969","on Making Charges","50% Off","Icy Delight Earring","Express Delivery"
43,"https://www.joyalukkas.in/thin-embroidered-enticing-gold-bangle-bm13077412.html","https://cdn.joyalukkas.in/media/catalog/product/b/m/bm13077412_1.jpg?tr=w-360","₹123,783","₹133,480","on Making Charges","50% Off","Thin Embroidered Enticing Gold Bangle",
44,"https://www.joyalukkas.in/triad-majesty-bracelet-dsdb00004609.html","https://cdn.joyalukkas.in/media/catalog/product/d/s/dsdb00004609_1.jpg?tr=w-360","₹32,199","₹34,863","on Making Charges","50% Off","Triad Majesty Bracelet","Express Delivery"
45,"https://www.joyalukkas.in/helical-inspired-diamond-ring-dsdr00017827.html","https://cdn.joyalukkas.in/media/catalog/product/d/s/dsdr00017827_1.jpg?tr=w-360","₹32,527","₹35,521","on Making Charges","50% Off","Helical Inspired Diamond Ring",
46,"https://www.joyalukkas.in/lantern-shaped-diamond-ring-dsdr00018214.html","https://cdn.joyalukkas.in/media/catalog/product/d/s/dsdr00018214_1.jpg?tr=w-360","₹17,837","₹19,713","on Making Charges","50% Off","Lantern Shaped Diamond Ring","New"
47,"https://www.joyalukkas.in/dazzling-cluster-diamond-ring-dsdr00019685.html","https://cdn.joyalukkas.in/media/catalog/product/d/s/dsdr00019685_1.jpg?tr=w-360","₹37,767","₹41,591","on Making Charges","50% Off","Dazzling Cluster Diamond Ring","New"
48,"https://www.joyalukkas.in/drizzle-styled-diamond-ring-dsdr00018210.html","https://cdn.joyalukkas.in/media/catalog/product/d/s/dsdr00018210_1.jpg?tr=w-360","₹24,348","₹26,228","on Making Charges","50% Off","Drizzle Styled Diamond Ring",
49,"https://www.joyalukkas.in/tulip-cascade-jhumkas-dsde00030380.html","https://cdn.joyalukkas.in/media/catalog/product/d/s/dsde00030380_1.jpg?tr=w-360","₹71,990","₹78,788","on Making Charges","50% Off","Tulip Cascade Jhumkas","Express Delivery"
50,"https://www.joyalukkas.in/plop-inspired-diamond-ring-dsdr00018203.html","https://cdn.joyalukkas.in/media/catalog/product/d/s/dsdr00018203_1.jpg?tr=w-360","₹28,573","₹30,951","on Making Charges","50% Off","Plop Inspired Diamond Ring",
51,"https://www.joyalukkas.in/petal-radiance-diamond-ring-dsdr00020851.html","https://cdn.joyalukkas.in/media/catalog/product/d/s/dsdr00020851_1_1.jpg?tr=w-360","₹60,347","₹63,024","on Making Charges","50% Off","Petal Radiance Diamond Ring","New"
52,"https://www.joyalukkas.in/floral-diamond-women-bracelet-tcdb00003076.html","https://cdn.joyalukkas.in/media/catalog/product/t/c/tcdb00003076_1.jpg?tr=w-360","₹33,239","₹36,458","on Making Charges","50% Off","Floral Diamond Women Bracelet",
53,"https://www.joyalukkas.in/gardenia-grace-earrings-dsde00030377.html","https://cdn.joyalukkas.in/media/catalog/product/d/s/dsde00030377_1.jpg?tr=w-360","₹28,710","₹32,162","on Making Charges","50% Off","Gardenia Grace Earrings","Express Delivery"
54,"https://www.joyalukkas.in/floral-delight-pendant-dsdp00012802.html","https://cdn.joyalukkas.in/media/catalog/product/d/s/dsdp00012802_1.jpg?tr=w-360","₹35,099","₹39,386","on Making Charges","50% Off","Floral Delight Pendant","New"
55,"https://www.joyalukkas.in/floral-elegance-diamond-ring-dsdr00020649.html","https://cdn.joyalukkas.in/media/catalog/product/d/s/dsdr00020649_1.jpg?tr=w-360","₹51,267","₹54,711","on Making Charges","50% Off","Floral Elegance Diamond Ring",
56,"https://www.joyalukkas.in/twinkle-cluster-diamond-ring-wkjtdr0008.html","https://cdn.joyalukkas.in/media/catalog/product/w/k/wkjtdr0008_1.jpg?tr=w-360","₹297,341","₹307,798","on Making Charges","50% Off","Twinkle Cluster Diamond Ring","New"
57,"https://www.joyalukkas.in/blossom-brilliance-ring-dsdr00019385.html","https://cdn.joyalukkas.in/media/catalog/product/d/s/dsdr00019385_1.jpg?tr=w-360","₹101,857","₹106,999","on Making Charges","50% Off","Blossom Brilliance Ring",
58,"https://www.joyalukkas.in/lamina-women-diamond-ring-dsdr00018212.html","https://cdn.joyalukkas.in/media/catalog/product/d/s/dsdr00018212_1.jpg?tr=w-360","₹22,665","₹24,579","on Making Charges","50% Off","Lamina Women Diamond Ring","New"
59,"https://www.joyalukkas.in/floral-flourish-earrings-dsde00030379.html","https://cdn.joyalukkas.in/media/catalog/product/d/s/dsde00030379_1.jpg?tr=w-360","₹29,790","₹32,943","on Making Charges","50% Off","Floral Flourish Earrings",
60,"https://www.joyalukkas.in/amalgam-elegance-pendant-dsdp00012800.html","https://cdn.joyalukkas.in/media/catalog/product/d/s/dsdp00012800_1.jpg?tr=w-360","₹36,165","₹40,054","on Making Charges","50% Off","Amalgam Elegance Pendant","Express Delivery"
61,"https://www.joyalukkas.in/pinnacle-diamond-bracelet-mudb00004381.html","https://cdn.joyalukkas.in/media/catalog/product/m/u/mudb00004381_1.jpg?tr=w-360","₹264,206","₹285,842","on Making Charges","50% Off","Pinnacle Diamond Bracelet",
62,"https://www.joyalukkas.in/mesmerizing-diamond-ring-mudr00015396.html","https://cdn.joyalukkas.in/media/catalog/product/m/u/mudr00015396_9.jpg?tr=w-360","₹60,318","₹64,114","on Making Charges","50% Off","Mesmerizing Diamond Ring",
63,"https://www.joyalukkas.in/dewdrop-inspired-diamond-ring-dsdr00018211.html","https://cdn.joyalukkas.in/media/catalog/product/d/s/dsdr00018211_1.jpg?tr=w-360","₹20,602","₹22,479","on Making Charges","50% Off","Dewdrop Inspired Diamond Ring","New"
64,"https://www.joyalukkas.in/fluttering-affinity-pendant-dsdp00012804.html","https://cdn.joyalukkas.in/media/catalog/product/d/s/dsdp00012804_1.jpg?tr=w-360","₹33,899","₹38,368","on Making Charges","50% Off","Fluttering Affinity Pendant",
65,"https://www.joyalukkas.in/floral-flourish-ring-dsdr00021794.html","https://cdn.joyalukkas.in/media/catalog/product/d/s/dsdr00021794_1.jpg?tr=w-360","₹14,999","₹16,815","on Making Charges","50% Off","Floral Flourish Ring","New"
66,"https://www.joyalukkas.in/timber-trellis-pendant-dsdp00012801.html","https://cdn.joyalukkas.in/media/catalog/product/d/s/dsdp00012801_1.jpg?tr=w-360","₹49,226","₹53,849","on Making Charges","50% Off","Timber Trellis Pendant","Express Delivery"
67,"https://www.joyalukkas.in/blooming-blossom-earrings-dsde00030376.html","https://cdn.joyalukkas.in/media/catalog/product/d/s/dsde00030376_1.jpg?tr=w-360","₹28,222","₹31,518","on Making Charges","50% Off","Blooming Blossom Earrings","Express Delivery"
68,"https://www.joyalukkas.in/captivating-diamond-ring-dsdr00020855.html","https://cdn.joyalukkas.in/media/catalog/product/d/s/dsdr00020855_1.jpg?tr=w-360","₹62,754","₹65,652","on Making Charges","50% Off","Captivating Diamond Ring",
69,"https://www.joyalukkas.in/radiant-droplet-earring-dsde00030382.html","https://cdn.joyalukkas.in/media/catalog/product/d/s/dsde00030382_1.jpg?tr=w-360","₹52,262","₹57,463","on Making Charges","50% Off","Radiant Droplet Earring","New"
70,"https://www.joyalukkas.in/stellar-sparkle-diamond-ring-lsdr00012462.html","https://cdn.joyalukkas.in/media/catalog/product/l/s/lsdr00012462_1.jpg?tr=w-360","₹151,653","₹154,897","on Making Charges","50% Off","Stellar Sparkle Diamond Ring",
71,"https://www.joyalukkas.in/refined-men-diamond-bracelet-mudb00004394.html","https://cdn.joyalukkas.in/media/catalog/product/m/u/mudb00004394_1.jpg?tr=w-360","₹108,649","₹116,412","on Making Charges","50% Off","Refined Men Diamond Bracelet","Express Delivery"
72,"https://www.joyalukkas.in/triplet-dangle-bracelet-dsdb00004610.html","https://cdn.joyalukkas.in/media/catalog/product/d/s/dsdb00004610_1.jpg?tr=w-360","₹27,177","₹29,727","on Making Charges","50% Off","Triplet Dangle Bracelet",
73,"https://www.joyalukkas.in/eternal-hanging-diamond-earring-bnpsde0204.html","https://cdn.joyalukkas.in/media/catalog/product/b/n/bnpsde0204_1.jpg?tr=w-360","₹40,953","₹45,345","on Making Charges","50% Off","Eternal Hanging Diamond Earring",
74,"https://www.joyalukkas.in/petal-cascade-pendant-dsdp00012803.html","https://cdn.joyalukkas.in/media/catalog/product/d/s/dsdp00012803_1.jpg?tr=w-360","₹45,708","₹50,150","on Making Charges","50% Off","Petal Cascade Pendant","Express Delivery"
75,"https://www.joyalukkas.in/dazzling-eternity-diamond-ring-ndjtdr0051.html","https://cdn.joyalukkas.in/media/catalog/product/n/d/ndjtdr0051_1.jpg?tr=w-360","₹118,228","₹125,483","on Making Charges","50% Off","Dazzling Eternity Diamond Ring",
76,"https://www.joyalukkas.in/tiara-designed-diamond-ring-dsdr00017920.html","https://cdn.joyalukkas.in/media/catalog/product/d/s/dsdr00017920_1.jpg?tr=w-360","₹29,377","₹31,960","on Making Charges","50% Off","Tiara Designed Diamond Ring","Express Delivery"
77,"https://www.joyalukkas.in/opulent-brilliance-bracelet-dsdb00002543.html","https://cdn.joyalukkas.in/media/catalog/product/d/s/dsdb00002543_1.jpg?tr=w-360","₹243,585","₹269,389","on Making Charges","50% Off","Opulent Brilliance Bracelet",
78,"https://www.joyalukkas.in/droplet-harmony-ring-dsdr00021795.html","https://cdn.joyalukkas.in/media/catalog/product/d/s/dsdr00021795_1.jpg?tr=w-360","₹23,286","₹26,041","on Making Charges","50% Off","Droplet Harmony Ring",
79,"https://www.joyalukkas.in/radiant-glow-elegance-ring-lsdr00017837.html","https://cdn.joyalukkas.in/media/catalog/product/l/s/lsdr00017837_1.jpg?tr=w-360","₹149,813","₹154,343","on Making Charges","50% Off","Radiant Glow Elegance Ring","Express Delivery"
80,"https://www.joyalukkas.in/floral-enchantment-ring-dsdr00021797.html","https://cdn.joyalukkas.in/media/catalog/product/d/s/dsdr00021797_1.jpg?tr=w-360","₹29,217","₹32,500","on Making Charges","50% Off","Floral Enchantment Ring","Express Delivery"
81,"https://www.joyalukkas.in/floral-delight-ring-dsdr00021796.html","https://cdn.joyalukkas.in/media/catalog/product/d/s/dsdr00021796_1.jpg?tr=w-360","₹33,444","₹36,792","on Making Charges","50% Off","Floral Delight Ring",
82,"https://www.joyalukkas.in/oval-elegance-bracelet-dsdb00004611.html","https://cdn.joyalukkas.in/media/catalog/product/d/s/dsdb00004611_1.jpg?tr=w-360","₹36,671","₹39,994","on Making Charges","50% Off","Oval Elegance Bracelet","New"
83,"https://www.joyalukkas.in/amour-shaped-diamond-ring-dsdr00018227.html","https://cdn.joyalukkas.in/media/catalog/product/d/s/dsdr00018227_1.jpg?tr=w-360","₹24,581","₹26,590","on Making Charges","50% Off","Amour Shaped Diamond Ring",
84,"https://www.joyalukkas.in/globe-diamond-bracelet-tcdb00003157.html","https://cdn.joyalukkas.in/media/catalog/product/t/c/tcdb00003157_1.jpg?tr=w-360","₹74,770","₹84,688","on Making Charges","50% Off","Globe Diamond Bracelet","New"
85,"https://www.joyalukkas.in/sphere-diamond-women-ring-dsdr00018209.html","https://cdn.joyalukkas.in/media/catalog/product/d/s/dsdr00018209_1.jpg?tr=w-360","₹18,618","₹20,421","on Making Charges","50% Off","Sphere Diamond Women Ring",
86,"https://www.joyalukkas.in/prosper-diamond-ring-dsdr00018218.html","https://cdn.joyalukkas.in/media/catalog/product/d/s/dsdr00018218_1.jpg?tr=w-360","₹8,901","₹10,704","on Making Charges","50% Off","Prosper Diamond Ring","Express Delivery"
87,"https://www.joyalukkas.in/triumphant-prism-bracelet-dsdb00004612.html","https://cdn.joyalukkas.in/media/catalog/product/d/s/dsdb00004612_1.jpg?tr=w-360","₹29,930","₹32,337","on Making Charges","50% Off","Triumphant Prism Bracelet","Express Delivery"
88,"https://www.joyalukkas.in/networked-style-ring-dsdr00021800.html","https://cdn.joyalukkas.in/media/catalog/product/d/s/dsdr00021800_1.jpg?tr=w-360","₹21,879","₹24,403","on Making Charges","50% Off","Networked Style Ring",
89,"https://www.joyalukkas.in/diadem-shaped-diamond-ring-dsdr00018221.html","https://cdn.joyalukkas.in/media/catalog/product/d/s/dsdr00018221_1.jpg?tr=w-360","₹17,542","₹19,344","on Making Charges","50% Off","Diadem Shaped Diamond Ring","Express Delivery"
90,"https://www.joyalukkas.in/tetragon-diamond-ring-dsdr00018233.html","https://cdn.joyalukkas.in/media/catalog/product/d/s/dsdr00018233_1.jpg?tr=w-360","₹20,552","₹22,355","on Making Charges","50% Off","Tetragon Diamond Ring",
91,"https://www.joyalukkas.in/ethereal-deepam-ring-dsdr00021798.html","https://cdn.joyalukkas.in/media/catalog/product/d/s/dsdr00021798_1.jpg?tr=w-360","₹26,857","₹29,289","on Making Charges","50% Off","Ethereal Deepam Ring",
92,"https://www.joyalukkas.in/drip-diamond-women-ring-dsdr00018206.html","https://cdn.joyalukkas.in/media/catalog/product/d/s/dsdr00018206_1.jpg?tr=w-360","₹23,639","₹25,494","on Making Charges","50% Off","Drip Diamond Women Ring","Express Delivery"
93,"https://www.joyalukkas.in/droplet-pattern-diamond-ring-dsdr00018225.html","https://cdn.joyalukkas.in/media/catalog/product/d/s/dsdr00018225_1.jpg?tr=w-360","₹13,723","₹15,526","on Making Charges","50% Off","Droplet Pattern Diamond Ring","Express Delivery"
94,"https://www.joyalukkas.in/blooming-petals-diamond-ring-dsdr00021261.html","https://cdn.joyalukkas.in/media/catalog/product/d/s/dsdr00021261_1.jpg?tr=w-360","₹60,497","₹65,145","on Making Charges","50% Off","Blooming Petals Diamond Ring",
95,"https://www.joyalukkas.in/glisten-inspired-diamond-ring-dsdr00018205.html","https://cdn.joyalukkas.in/media/catalog/product/d/s/dsdr00018205_1.jpg?tr=w-360","₹18,064","₹19,866","on Making Charges","50% Off","Glisten Inspired  Diamond Ring","Express Delivery"
96,"https://www.joyalukkas.in/globe-diamond-bracelet-tcdb00003153.html","https://cdn.joyalukkas.in/media/catalog/product/t/c/tcdb00003153_1.jpg?tr=w-360","₹93,188","₹104,390","on Making Charges","50% Off","Globe Diamond Bracelet",
97,"https://www.joyalukkas.in/quadruple-circle-diamond-ring-dsdr00010180.html","https://cdn.joyalukkas.in/media/catalog/product/d/s/dsdr00010180_1.jpg?tr=w-360","₹105,265","₹110,571","on Making Charges","50% Off","Quadruple Circle Diamond Ring","New"
98,"https://www.joyalukkas.in/dolphin-serenade-necklace-tc1400089355.html","https://cdn.joyalukkas.in/media/catalog/product/t/c/tc1400089355_1.jpg?tr=w-360","₹64,419","₹71,821","on Making Charges","50% Off","Dolphin Serenade Necklace",
99,"https://www.joyalukkas.in/coronet-styled-diamond-ring-dsdr00018223.html","https://cdn.joyalukkas.in/media/catalog/product/d/s/dsdr00018223_1.jpg?tr=w-360","₹22,685","₹24,587","on Making Charges","50% Off","Coronet Styled Diamond Ring","New"
100,"https://www.joyalukkas.in/quadrilateral-inspired-diamond-ring-dsdr00018208.html","https://cdn.joyalukkas.in/media/catalog/product/d/s/dsdr00018208_1.jpg?tr=w-360","₹21,346","₹23,148","on Making Charges","50% Off","Quadrilateral Inspired Diamond Ring",
101,"https://www.joyalukkas.in/radiant-floral-diamond-ring-dsdr00021259.html","https://cdn.joyalukkas.in/media/catalog/product/d/s/dsdr00021259_1.jpg?tr=w-360","₹54,826","₹58,403","on Making Charges","50% Off","Radiant Floral Diamond Ring","New"
102,"https://www.joyalukkas.in/rare-gold-bangles-ds1300028112.html","https://cdn.joyalukkas.in/media/catalog/product/d/s/ds1300028112_1.jpg?tr=w-360","₹239,301","₹272,155","on Making Charges","50% Off","Rare Gold Bangles",
103,"https://www.joyalukkas.in/seashore-bliss-gold-necklace-tc1400089356.html","https://cdn.joyalukkas.in/media/catalog/product/t/c/tc1400089356_1.jpg?tr=w-360","₹66,576","₹74,218","on Making Charges","50% Off","Seashore Bliss Gold Necklace","New"
104,"https://www.joyalukkas.in/gold-serenade-necklace-ds1400087465.html","https://cdn.joyalukkas.in/media/catalog/product/d/s/ds1400087465_1_4.jpg?tr=w-360","₹21,376","₹23,596","on Making Charges","50% Off","Gold Serenade Necklace",
105,"https://www.joyalukkas.in/glimmering-diamond-rose-gold-necklace-zeal-inspired-tcdn00002518.html","https://cdn.joyalukkas.in/media/catalog/product/t/c/tcdn00002518_1.jpg?tr=w-360","₹491,682","₹547,530","on Making Charges","50% Off","Glimmering Diamond Rose Gold Necklace",
106,"https://www.joyalukkas.in/celestial-ball-charm-earring-tc1100141175.html","https://cdn.joyalukkas.in/media/catalog/product/t/c/tc1100141175_1.jpg?tr=w-360","₹64,344","₹71,740","on Making Charges","50% Off","Celestial Ball Charm Earring","New"
107,"https://www.joyalukkas.in/gleam-gold-women-earring-ds1100172791.html","https://cdn.joyalukkas.in/media/catalog/product/d/s/ds1100172791_1.jpg?tr=w-360","₹24,582","₹27,140","on Making Charges","50% Off","Gleam Gold Women Earring",
108,"https://www.joyalukkas.in/starlight-elegance-gold-ring-tc1500213531.html","https://cdn.joyalukkas.in/media/catalog/product/t/c/tc1500213531_1.jpg?tr=w-360","₹42,545","₹47,430","on Making Charges","50% Off","Starlight Elegance Gold Ring",
109,"https://www.joyalukkas.in/shimmering-gold-women-ring-ds1500133112.html","https://cdn.joyalukkas.in/media/catalog/product/d/s/ds1500133112_1.jpg?tr=w-360","₹16,617","₹18,433","on Making Charges","50% Off","Shimmering Gold Women Ring","Express Delivery"
110,"https://www.joyalukkas.in/radiant-blue-starlight-necklace-tc1400089343.html","https://cdn.joyalukkas.in/media/catalog/product/t/c/tc1400089343_1.jpg?tr=w-360","₹68,885","₹76,749","on Making Charges","50% Off","Radiant Blue Starlight Necklace",
111,"https://www.joyalukkas.in/starlight-elegance-gold-earring-tc1100141173.html","https://cdn.joyalukkas.in/media/catalog/product/t/c/tc1100141173_1.jpg?tr=w-360","₹36,180","₹40,331","on Making Charges","50% Off","Starlight Elegance Gold Earring","Express Delivery"
112,"https://www.joyalukkas.in/celestial-ball-charm-bracelet-tc1700067558.html","https://cdn.joyalukkas.in/media/catalog/product/t/c/tc1700067558_1.jpg?tr=w-360","₹43,200","₹48,159","on Making Charges","50% Off","Celestial Ball Charm Bracelet",
113,"https://www.joyalukkas.in/blossom-gold-women-earring-ds1100172772.html","https://cdn.joyalukkas.in/media/catalog/product/d/s/ds1100172772_1.jpg?tr=w-360","₹90,748","₹100,560","on Making Charges","50% Off","Blossom Gold Women Earring",
114,"https://www.joyalukkas.in/gleaming-gold-women-earring-ds1100172795.html","https://cdn.joyalukkas.in/media/catalog/product/d/s/ds1100172795_1.jpg?tr=w-360","₹35,249","₹39,106","on Making Charges","50% Off","Gleaming Gold Women Earring","Express Delivery"
115,"https://www.joyalukkas.in/round-gold-women-bracelet-ds1700041225.html","https://cdn.joyalukkas.in/media/catalog/product/d/s/ds1700041225_1.jpg?tr=w-360","₹56,764","₹63,052","on Making Charges","50% Off","Round Gold Women Bracelet","Express Delivery"
116,"https://www.joyalukkas.in/glitter-gold-women-earring-ds1100172786.html","https://cdn.joyalukkas.in/media/catalog/product/d/s/ds1100172786_1.jpg?tr=w-360","₹20,761","₹22,993","on Making Charges","50% Off","Glitter Gold Women Earring",
117,"https://www.joyalukkas.in/geometrical-gold-women-earring-ds1100172796.html","https://cdn.joyalukkas.in/media/catalog/product/d/s/ds1100172796_1.jpg?tr=w-360","₹44,316","₹49,204","on Making Charges","50% Off","Geometrical Gold Women Earring","New"
118,"https://www.joyalukkas.in/star-gold-radiance-necklace-tc1400089344.html","https://cdn.joyalukkas.in/media/catalog/product/t/c/tc1400089344_1.jpg?tr=w-360","₹71,795","₹79,866","on Making Charges","50% Off","Star Gold  Radiance Necklace",
119,"https://www.joyalukkas.in/floral-gala-golden-earring-tc1100141172.html","https://cdn.joyalukkas.in/media/catalog/product/t/c/tc1100141172_1.jpg?tr=w-360","₹66,335","₹73,953","on Making Charges","50% Off","Floral Gala Golden Earring",
120,"https://www.joyalukkas.in/starlight-elegance-gold-bracelet-tc1700067556.html","https://cdn.joyalukkas.in/media/catalog/product/t/c/tc1700067556_1.jpg?tr=w-360","₹41,679","₹46,464","on Making Charges","50% Off","Starlight Elegance Gold Bracelet","Express Delivery"
121,"https://www.joyalukkas.in/fancy-gold-women-earring-ds1100172769.html","https://cdn.joyalukkas.in/media/catalog/product/d/s/ds1100172769_1.jpg?tr=w-360","₹79,531","₹88,215","on Making Charges","50% Off","Fancy Gold Women Earring",
122,"https://www.joyalukkas.in/butterfly-gold-women-bracelet-ds1700041215.html","https://cdn.joyalukkas.in/media/catalog/product/d/s/ds1700041215_1.jpg?tr=w-360","₹37,174","₹41,251","on Making Charges","50% Off","Butterfly Gold Women Bracelet","New"
123,"https://www.joyalukkas.in/glisten-gold-women-earring-ds1100172788.html","https://cdn.joyalukkas.in/media/catalog/product/d/s/ds1100172788_1.jpg?tr=w-360","₹20,885","₹23,122","on Making Charges","50% Off","Glisten Gold Women Earring","Express Delivery"
124,"https://www.joyalukkas.in/ornate-orb-gold-earring-tc1100141171.html","https://cdn.joyalukkas.in/media/catalog/product/t/c/tc1100141171_1.jpg?tr=w-360","₹61,816","₹68,920","on Making Charges","50% Off","Ornate Orb Gold Earring",
125,"https://www.joyalukkas.in/timeless-grace-classical-jhumka-ds1100149047.html","https://cdn.joyalukkas.in/media/catalog/product/d/s/ds1100149047_1.jpg?tr=w-360","₹66,615","₹73,689","on Making Charges","50% Off","Timeless Grace Classical Jhumka","Express Delivery"
126,"https://www.joyalukkas.in/timeless-grace-gold-jhumka-ds1100149052.html","https://cdn.joyalukkas.in/media/catalog/product/d/s/ds1100149052_1.jpg?tr=w-360","₹127,888","₹141,395","on Making Charges","50% Off","Timeless Grace Gold Jhumka",
127,"https://www.joyalukkas.in/golden-heritage-jhumka-ds1100149053.html","https://cdn.joyalukkas.in/media/catalog/product/d/s/ds1100149053_1.jpg?tr=w-360","₹107,748","₹119,144","on Making Charges","50% Off","Golden Heritage Jhumka","New"
128,"https://www.joyalukkas.in/golden-lakshmi-radiance-jhumka-ds1100149048.html","https://cdn.joyalukkas.in/media/catalog/product/d/s/ds1100149048_1.jpg?tr=w-360","₹86,129","₹95,293","on Making Charges","50% Off","Golden Lakshmi Radiance Jhumka",
129,"https://www.joyalukkas.in/antique-glamour-golden-jhumka-ds1100149046.html","https://cdn.joyalukkas.in/media/catalog/product/d/s/ds1100149046_1.jpg?tr=w-360","₹134,103","₹148,377","on Making Charges","50% Off","Antique Glamour Golden Jhumka",
130,"https://www.joyalukkas.in/lakshmis-feathered-elegance-gold-jhumkas-ds1100179595.html","https://cdn.joyalukkas.in/media/catalog/product/d/s/ds1100179595_1.jpg?tr=w-360","₹110,551","₹121,778","on Making Charges","50% Off","Lakshmi’s Feathered Elegance Gold Jhumkas","Express Delivery"
131,"https://www.joyalukkas.in/regal-lakshmi-leaf-gold-jhumkas-ds1100179594.html","https://cdn.joyalukkas.in/media/catalog/product/d/s/ds1100179594_1.jpg?tr=w-360","₹93,920","₹103,514","on Making Charges","50% Off","Regal Lakshmi Leaf Gold Jhumkas",
132,"https://www.joyalukkas.in/luxuriant-paisley-gold-jhumkas-ds1100179593.html","https://cdn.joyalukkas.in/media/catalog/product/d/s/ds1100179593_1.jpg?tr=w-360","₹124,554","₹137,252","on Making Charges","50% Off","Luxuriant Paisley Gold Jhumkas","New"
133,"https://www.joyalukkas.in/golden-jhumka-chanbali-fusion-ds1100142968.html","https://cdn.joyalukkas.in/media/catalog/product/d/s/ds1100142968_1_4.jpg?tr=w-360","₹289,039","₹319,969","on Making Charges","50% Off","Golden Jhumka Chanbali Fusion",
134,"https://www.joyalukkas.in/divine-lakshmi-elegance-jhumka-ds1100149050.html","https://cdn.joyalukkas.in/media/catalog/product/d/s/ds1100149050_1.jpg?tr=w-360","₹121,539","₹134,412","on Making Charges","50% Off","Divine Lakshmi Elegance Jhumka","Express Delivery"
135,"https://www.joyalukkas.in/opulent-lakshmi-leaf-gold-jhumkas-ds1100179596.html","https://cdn.joyalukkas.in/media/catalog/product/d/s/ds1100179596_1.jpg?tr=w-360","₹94,255","₹103,849","on Making Charges","50% Off","Opulent Lakshmi & Leaf Gold Jhumkas",
136,"https://www.joyalukkas.in/divine-blossom-gold-jhumkas-ds1100179598.html","https://cdn.joyalukkas.in/media/catalog/product/d/s/ds1100179598_1.jpg?tr=w-360","₹92,768","₹102,190","on Making Charges","50% Off","Divine Blossom Gold Jhumkas",
137,"https://www.joyalukkas.in/noble-floral-paisley-gold-jhumkas-ds1100179599.html","https://cdn.joyalukkas.in/media/catalog/product/d/s/ds1100179599_1.jpg?tr=w-360","₹93,581","₹103,132","on Making Charges","50% Off","Noble Floral Paisley Gold Jhumkas","New"
138,"https://www.joyalukkas.in/classic-bloom-radiance-gold-jhumkas-ds1100179604.html","https://cdn.joyalukkas.in/media/catalog/product/d/s/ds1100179604_1.jpg?tr=w-360","₹81,931","₹90,294","on Making Charges","50% Off","Classic Bloom Radiance Gold Jhumkas","New"
139,"https://www.joyalukkas.in/round-criss-cross-designer-mens-gold-ring-ds1500027739.html","https://cdn.joyalukkas.in/media/catalog/product/d/s/ds1500027739_1.jpg?tr=w-360","₹48,993","₹55,198","on Making Charges","50% Off","Round Criss Cross Designer Mens Gold Ring",
140,"https://www.joyalukkas.in/gold-kathakali-stud-earrings-tm11035068.html","https://cdn.joyalukkas.in/media/catalog/product/t/m/tm11035068_1.jpg?tr=w-360","₹52,231","₹57,747","on Making Charges","50% Off","Gold Kathakali Stud Earrings","Express Delivery"
141,"https://www.joyalukkas.in/gold-floral-stud-earring-bm11001862.html","https://cdn.joyalukkas.in/media/catalog/product/b/m/bm11001862_1_1.jpg?tr=w-360","₹32,634","₹35,867","on Making Charges","50% Off","Gold Floral Stud Earrings","Express Delivery"
142,"https://www.joyalukkas.in/gold-heart-stud-earring-bm11000467.html","https://cdn.joyalukkas.in/media/catalog/product/b/m/bm11000467_1_1.jpg?tr=w-360","₹27,832","₹30,591","on Making Charges","50% Off","Gold Heart Stud Earrings","Express Delivery"
143,"https://www.joyalukkas.in/gold-floral-stud-earring-bm11005260.html","https://cdn.joyalukkas.in/media/catalog/product/b/m/bm11005260_1.jpg?tr=w-360","₹26,719","₹28,812","on Making Charges","50% Off","Gold Floral Stud Earrings","Express Delivery"
144,"https://www.joyalukkas.in/gold-leaf-drop-earring-bm11001317.html","https://cdn.joyalukkas.in/media/catalog/product/b/m/bm11001317_1_1.jpg?tr=w-360","₹11,657","₹12,570","on Making Charges","50% Off","Gold Leaf Drop Earrings","Express Delivery"
145,"https://www.joyalukkas.in/gold-floral-earrings-bm11083263.html","https://cdn.joyalukkas.in/media/catalog/product/b/m/bm11083263_1_1.jpg?tr=w-360","₹37,026","₹40,973","on Making Charges","50% Off","Gold Floral Earrings","Express Delivery"
146,"https://www.joyalukkas.in/gold-sunflower-stud-earrings-bm11005186.html","https://cdn.joyalukkas.in/media/catalog/product/b/m/bm11005186_1_1.jpg?tr=w-360","₹26,048","₹28,614","on Making Charges","50% Off","Gold Sunflower Stud Earrings","Express Delivery"
147,"https://www.joyalukkas.in/delicate-leaf-petal-gold-ring-mz15061907.html","https://cdn.joyalukkas.in/media/catalog/product/m/z/mz15061907_1.jpg?tr=w-360","₹8,498","₹9,574","on Making Charges","50% Off","Delicate Leaf Petal Gold Ring","Express Delivery"
148,"https://www.joyalukkas.in/gold-rose-studs-bm11083264.html","https://cdn.joyalukkas.in/media/catalog/product/b/m/bm11083264_1_1.jpg?tr=w-360","₹58,260","₹64,478","on Making Charges","50% Off","Gold Rose Studs","Express Delivery"
149,"https://www.joyalukkas.in/exotic-designer-platinum-ring-eppr02636.html","https://cdn.joyalukkas.in/media/catalog/product/e/p/eppr02636_1_1.jpg?tr=w-360","₹43,229","₹51,611","on Making Charges","50% Off","Exotic Designer Platinum Ring","New"
150,"https://www.joyalukkas.in/republic-day-special-gold-earring-tm11035065.html","https://cdn.joyalukkas.in/media/catalog/product/t/m/tm11035065_1.jpg?tr=w-360","₹48,722","₹53,693","on Making Charges","50% Off","Republic Day Special Gold Earring",
151,"https://www.joyalukkas.in/gold-tulip-leaf-stud-bm11083265.html","https://cdn.joyalukkas.in/media/catalog/product/b/m/bm11083265_1_1.jpg?tr=w-360","₹31,523","₹34,880","on Making Charges","50% Off","Gold Tulip Leaf Studs","Express Delivery"
152,"https://www.joyalukkas.in/rough-cut-designer-mens-platinum-ring-eppr02441.html","https://cdn.joyalukkas.in/media/catalog/product/e/p/eppr02441_1.jpg?tr=w-360","₹72,179","₹85,672","on Making Charges","50% Off","Rough Cut Designer Mens Platinum Ring",
153,"https://www.joyalukkas.in/elegant-gold-earring-tm11035066.html","https://cdn.joyalukkas.in/media/catalog/product/t/m/tm11035066_1.jpg?tr=w-360","₹50,364","₹55,720","on Making Charges","50% Off","Elegant Gold Earring",
154,"https://www.joyalukkas.in/delicate-floral-gold-ring-mz15060368.html","https://cdn.joyalukkas.in/media/catalog/product/m/z/mz15060368_1.jpg?tr=w-360","₹8,778","₹9,890","on Making Charges","50% Off","Delicate Floral Gold Ring",
155,"https://www.joyalukkas.in/gold-spiral-floral-stud-earrings-bn11200603.html","https://cdn.joyalukkas.in/media/catalog/product/b/n/bn11200603_1_1.jpg?tr=w-360","₹30,736","₹33,782","on Making Charges","50% Off","Gold Spiral Floral Stud Earrings","Express Delivery"
156,"https://www.joyalukkas.in/elephant-gold-pendant-tm18014142.html","https://cdn.joyalukkas.in/media/catalog/product/t/m/tm18014142_1.jpg?tr=w-360","₹30,700","₹33,965","on Making Charges","50% Off","Elephant Gold Pendant",
157,"https://www.joyalukkas.in/fabulous-snake-skin-motif-mens-gold-ring-ds1500027767.html","https://cdn.joyalukkas.in/media/catalog/product/d/s/ds1500027767_1.jpg?tr=w-360","₹54,017","₹60,858","on Making Charges","50% Off","Fabulous Snake Skin Motif Mens Gold Ring",
158,"https://www.joyalukkas.in/gold-banana-leaf-dangles-me11221755.html","https://cdn.joyalukkas.in/media/catalog/product/m/e/me11221755_1.jpg?tr=w-360","₹47,350","₹52,384","on Making Charges","50% Off","Gold Banana Leaf Dangles",
159,"https://www.joyalukkas.in/pure-love-gold-ring-mz15060373.html","https://cdn.joyalukkas.in/media/catalog/product/m/z/mz15060373_1.jpg?tr=w-360","₹16,900","₹19,040","on Making Charges","50% Off","Pure Love Gold Ring","Express Delivery"
160,"https://www.joyalukkas.in/gold-palm-tree-studs-tm11035067.html","https://cdn.joyalukkas.in/media/catalog/product/t/m/tm11035067_1_1.jpg?tr=w-360","₹33,158","₹36,641","on Making Charges","50% Off","Gold Palm Tree Studs",
161,"https://www.joyalukkas.in/elegant-teardrop-gold-drop-earrings-mz11047753.html","https://cdn.joyalukkas.in/media/catalog/product/m/z/mz11047753_1.jpg?tr=w-360","₹20,823","₹22,389","on Making Charges","50% Off","Elegant Teardrop Gold Drop Earrings","Express Delivery"
162,"https://www.joyalukkas.in/elegant-gold-floral-drop-earrings-mz11047754.html","https://cdn.joyalukkas.in/media/catalog/product/m/z/mz11047754_1.jpg?tr=w-360","₹25,571","₹27,536","on Making Charges","50% Off","Elegant Gold Floral Drop Earrings","Express Delivery"
163,"https://www.joyalukkas.in/traditional-gold-chandelier-jhumki-me10008211.html","https://cdn.joyalukkas.in/media/catalog/product/m/e/me10008211_1.jpg?tr=w-360","₹79,772","₹86,021","on Making Charges","50% Off","Traditional Gold Chandelier Jhumki","Express Delivery"
164,"https://www.joyalukkas.in/gold-floral-stud-bm11083268.html","https://cdn.joyalukkas.in/media/catalog/product/b/m/bm11083268_1.jpg?tr=w-360","₹27,567","₹30,501","on Making Charges","50% Off","Gold Floral Studs","Express Delivery"
165,"https://www.joyalukkas.in/glamorous-bandy-platinum-ring-fplr00143.html","https://cdn.joyalukkas.in/media/catalog/product/f/p/fplr00143_1_1.jpg?tr=w-360","₹44,304","₹51,128","on Making Charges","50% Off","Glamorous Bandy Platinum Ring","Express Delivery"
166,"https://www.joyalukkas.in/sweet-love-gold-ring-mz15060592.html","https://cdn.joyalukkas.in/media/catalog/product/m/z/mz15060592_1.jpg?tr=w-360","₹11,229","₹12,651","on Making Charges","50% Off","Sweet Love Gold Ring","Express Delivery"
167,"https://www.joyalukkas.in/elegant-gold-sphere-drop-earrings-mz11047756.html","https://cdn.joyalukkas.in/media/catalog/product/m/z/mz11047756_1.jpg?tr=w-360","₹32,059","₹34,506","on Making Charges","50% Off","Elegant Gold Sphere Drop Earrings","Express Delivery"
168,"https://www.joyalukkas.in/gold-floral-leaf-studs-bm11083269.html","https://cdn.joyalukkas.in/media/catalog/product/b/m/bm11083269_1.jpg?tr=w-360","₹37,379","₹41,344","on Making Charges","50% Off","Gold Floral Leaf Studs","New"
169,"https://www.joyalukkas.in/elegant-gold-floral-drop-earrings-mz11047757.html","https://cdn.joyalukkas.in/media/catalog/product/m/z/mz11047757_1.jpg?tr=w-360","₹31,088","₹33,424","on Making Charges","50% Off","Elegant Gold Floral Drop Earrings","Express Delivery"
170,"https://www.joyalukkas.in/duo-strip-perfect-platinum-ring-eppr02552.html","https://cdn.joyalukkas.in/media/catalog/product/e/p/eppr02552_1_1.jpg?tr=w-360","₹44,593","₹53,194","on Making Charges","50% Off","Duo Strip Perfect Platinum Ring",
171,"https://www.joyalukkas.in/lord-ganesh-gold-studs-tm11035071.html","https://cdn.joyalukkas.in/media/catalog/product/t/m/tm11035071_1.jpg?tr=w-360","₹23,496","₹25,983","on Making Charges","50% Off","Lord Ganesh Gold Studs","New"
172,"https://www.joyalukkas.in/elegant-gold-floral-drop-earrings-mz11047758.html","https://cdn.joyalukkas.in/media/catalog/product/m/z/mz11047758_1.jpg?tr=w-360","₹25,981","₹28,007","on Making Charges","50% Off","Elegant Gold Floral Drop Earrings","New"
173,"https://www.joyalukkas.in/gold-floral-leaf-stud-bm11083271.html","https://cdn.joyalukkas.in/media/catalog/product/b/m/bm11083271_1.jpg?tr=w-360","₹34,609","₹38,297","on Making Charges","50% Off","Gold Floral Leaf Studs",
174,"https://www.joyalukkas.in/elegant-teardrop-gold-drop-earrings-mz11047761.html","https://cdn.joyalukkas.in/media/catalog/product/m/z/mz11047761_1.jpg?tr=w-360","₹22,093","₹23,769","on Making Charges","50% Off","Elegant Teardrop Gold Drop Earrings","Express Delivery"
175,"https://www.joyalukkas.in/gold-teardrop-floral-studs-bm11083272.html","https://cdn.joyalukkas.in/media/catalog/product/b/m/bm11083272_1.jpg?tr=w-360","₹34,132","₹37,730","on Making Charges","50% Off","Gold Teardrop Floral Studs","Express Delivery"
176,"https://www.joyalukkas.in/frail-leaflet-gold-ring-mz15061921.html","https://cdn.joyalukkas.in/media/catalog/product/m/z/mz15061921_1.jpg?tr=w-360","₹16,392","₹18,468","on Making Charges","50% Off","Frail Leaflet Gold Ring",
177,"https://www.joyalukkas.in/gold-floral-duster-drop-earrings-mz11047762.html","https://cdn.joyalukkas.in/media/catalog/product/m/z/mz11047762_1.jpg?tr=w-360","₹28,636","₹30,733","on Making Charges","50% Off","Gold Floral Duster Drop Earrings","New"
178,"https://www.joyalukkas.in/gold-floral-studs-bm11083273.html","https://cdn.joyalukkas.in/media/catalog/product/b/m/bm11083273_1.jpg?tr=w-360","₹31,037","₹34,347","on Making Charges","50% Off","Gold Floral Studs",
179,"https://www.joyalukkas.in/gold-floral-leaf-stud-bm11083274.html","https://cdn.joyalukkas.in/media/catalog/product/b/m/bm11083274_1.jpg?tr=w-360","₹33,835","₹37,440","on Making Charges","50% Off","Gold Floral Leaf Studs","Express Delivery"
180,"https://www.joyalukkas.in/gold-conical-stud-earrings-bm11009102.html","https://cdn.joyalukkas.in/media/catalog/product/b/m/bm11009102_1_1.jpg?tr=w-360","₹23,446","₹25,480","on Making Charges","50% Off","Gold Conical Stud Earrings",
181,"https://www.joyalukkas.in/curvy-sleek-designer-platinum-ring-eplr03171.html","https://cdn.joyalukkas.in/media/catalog/product/e/p/eplr03171_1_1.jpg?tr=w-360","₹58,358","₹70,319","on Making Charges","50% Off","Curvy Sleek Designer Platinum Ring",
182,"https://www.joyalukkas.in/enchanting-gold-floral-studs-mz11047777.html","https://cdn.joyalukkas.in/media/catalog/product/m/z/mz11047777_1.jpg?tr=w-360","₹31,102","₹33,494","on Making Charges","50% Off","Enchanting Gold Floral Studs","Express Delivery"
183,"https://www.joyalukkas.in/gold-floral-earrings-bm11083275.html","https://cdn.joyalukkas.in/media/catalog/product/b/m/bm11083275_1_1.jpg?tr=w-360","₹29,838","₹33,015","on Making Charges","50% Off","Gold Floral Earrings","Express Delivery"
184,"https://www.joyalukkas.in/gold-semi-wheel-stud-earrings-bm11009118.html","https://cdn.joyalukkas.in/media/catalog/product/b/m/bm11009118_1_1.jpg?tr=w-360","₹32,295","₹35,097","on Making Charges","50% Off","Gold Semi Wheel Stud Earrings","Express Delivery"
185,"https://www.joyalukkas.in/enchanting-gold-leaf-studs-mz11047798.html","https://cdn.joyalukkas.in/media/catalog/product/m/z/mz11047798_1.jpg?tr=w-360","₹19,193","₹20,647","on Making Charges","50% Off","Enchanting Gold Leaf Studs","Express Delivery"
186,"https://www.joyalukkas.in/gold-floral-leaf-studs-bm11083276.html","https://cdn.joyalukkas.in/media/catalog/product/b/m/bm11083276_1.jpg?tr=w-360","₹39,412","₹43,615","on Making Charges","50% Off","Gold Floral Leaf Studs",
187,"https://www.joyalukkas.in/extravagant-leaflet-gold-ring-mz15061944.html","https://cdn.joyalukkas.in/media/catalog/product/m/z/mz15061944_1.jpg?tr=w-360","₹17,521","₹19,740","on Making Charges","50% Off","Extravagant Leaflet Gold Ring","New"
188,"https://www.joyalukkas.in/gold-floral-drop-stud-bm11083277.html","https://cdn.joyalukkas.in/media/catalog/product/b/m/bm11083277_1.jpg?tr=w-360","₹53,044","₹58,697","on Making Charges","50% Off","Gold Floral Drop Studs","Express Delivery"
189,"https://www.joyalukkas.in/cross-checkered-gold-ring-ds1500027766.html","https://cdn.joyalukkas.in/media/catalog/product/d/s/ds1500027766_1.jpg?tr=w-360","₹39,996","₹45,061","on Making Charges","50% Off","Cross Checkered Mens Gold Ring",
190,"https://www.joyalukkas.in/enchanting-gold-floral-studs-mz11047802.html","https://cdn.joyalukkas.in/media/catalog/product/m/z/mz11047802_1.jpg?tr=w-360","₹24,077","₹25,921","on Making Charges","50% Off","Enchanting Gold Floral Studs","Express Delivery"
191,"https://www.joyalukkas.in/gold-cluster-earring-bm11099472.html","https://cdn.joyalukkas.in/media/catalog/product/b/m/bm11099472_1.jpg?tr=w-360","₹104,153","₹115,725","on Making Charges","50% Off","Gold Cluster Earrings",
192,"https://www.joyalukkas.in/gold-floral-studs-bm11083279.html","https://cdn.joyalukkas.in/media/catalog/product/b/m/bm11083279_1.jpg?tr=w-360","₹27,055","₹29,934","on Making Charges","50% Off","Gold Floral Studs","Express Delivery"
193,"https://www.joyalukkas.in/enchanting-gold-floral-studs-mz11047809.html","https://cdn.joyalukkas.in/media/catalog/product/m/z/mz11047809_1.jpg?tr=w-360","₹31,049","₹33,446","on Making Charges","50% Off","Enchanting Gold Floral Studs","Express Delivery"
194,"https://www.joyalukkas.in/gold-floral-dangle-earrings-bm11099477.html","https://cdn.joyalukkas.in/media/catalog/product/b/m/bm11099477_1.jpg?tr=w-360","₹65,592","₹72,880","on Making Charges","50% Off","Gold Floral Dangle Earrings","New"
195,"https://www.joyalukkas.in/gold-leaf-stud-bm11083280.html","https://cdn.joyalukkas.in/media/catalog/product/b/m/bm11083280_1.jpg?tr=w-360","₹39,159","₹43,325","on Making Charges","50% Off","Gold Leaf Studs","Express Delivery"
196,"https://www.joyalukkas.in/gold-floral-studs-bm11083281.html","https://cdn.joyalukkas.in/media/catalog/product/b/m/bm11083281_1.jpg?tr=w-360","₹29,931","₹33,108","on Making Charges","50% Off","Gold Floral Studs","Express Delivery"
197,"https://www.joyalukkas.in/fine-floret-buzzy-gold-ring-mz15061959.html","https://cdn.joyalukkas.in/media/catalog/product/m/z/mz15061959_1.jpg?tr=w-360","₹13,254","₹14,881","on Making Charges","50% Off","Fine Floret Buzzy Gold Ring","Express Delivery"
198,"https://www.joyalukkas.in/gold-floral-studs-bn11128699.html","https://cdn.joyalukkas.in/media/catalog/product/b/n/bn11128699_1.jpg?tr=w-360","₹42,657","₹46,829","on Making Charges","50% Off","Gold Floral Studs","Express Delivery"
199,"https://www.joyalukkas.in/gold-floral-drop-earring-bm11083282.html","https://cdn.joyalukkas.in/media/catalog/product/b/m/bm11083282_1.jpg?tr=w-360","₹45,282","₹50,113","on Making Charges","50% Off","Gold Floral Drop Earrings","New"
200,"https://www.joyalukkas.in/enchanting-gold-floral-studs-mz11047839.html","https://cdn.joyalukkas.in/media/catalog/product/m/z/mz11047839_1.jpg?tr=w-360","₹27,351","₹29,449","on Making Charges","50% Off","Enchanting Gold Floral Studs","Express Delivery"
201,"https://www.joyalukkas.in/gold-cluster-jhumki-bn11128839.html","https://cdn.joyalukkas.in/media/catalog/product/b/n/bn11128839_1.jpg?tr=w-360","₹68,245","₹74,777","on Making Charges","50% Off","Gold Cluster Jhumki",
202,"https://www.joyalukkas.in/gold-teardrop-floral-studs-bm11083283.html","https://cdn.joyalukkas.in/media/catalog/product/b/m/bm11083283_1.jpg?tr=w-360","₹33,134","₹36,664","on Making Charges","50% Off","Gold Teardrop Floral Studs",
203,"https://www.joyalukkas.in/rose-gold-ring-mu1500011126.html","https://cdn.joyalukkas.in/media/catalog/product/m/u/mu1500011126_1.jpg?tr=w-360","₹23,186","₹28,537","on Making Charges","50% Off","Rose Gold Ring","New"
204,"https://www.joyalukkas.in/gold-floral-drop-studs-bm11083284.html","https://cdn.joyalukkas.in/media/catalog/product/b/m/bm11083284_1.jpg?tr=w-360","₹53,619","₹59,334","on Making Charges","50% Off","Gold Floral Drop Studs","Express Delivery"
205,"https://www.joyalukkas.in/gold-teardrop-floral-studs-bm11083285.html","https://cdn.joyalukkas.in/media/catalog/product/b/m/bm11083285_1.jpg?tr=w-360","₹39,977","₹44,240","on Making Charges","50% Off","Gold Teardrop Floral Studs","Express Delivery"
206,"https://www.joyalukkas.in/enchanting-golden-sunflower-swirl-studs-mz11047846.html","https://cdn.joyalukkas.in/media/catalog/product/m/z/mz11047846_1_1.jpg?tr=w-360","₹23,026","₹24,796","on Making Charges","50% Off","Enchanting Golden Sunflower Swirl Studs",
207,"https://www.joyalukkas.in/rose-gold-women-ring-mu1500011101.html","https://cdn.joyalukkas.in/media/catalog/product/m/u/mu1500011101_1.jpg?tr=w-360","₹17,853","₹21,973","on Making Charges","50% Off","Rose Gold Ring",
208,"https://www.joyalukkas.in/gold-chandelier-jhumki-bn11160700.html","https://cdn.joyalukkas.in/media/catalog/product/b/n/bn11160700_1_1.jpg?tr=w-360","₹63,117","₹68,593","on Making Charges","50% Off","Gold Chandelier Jhumki","Express Delivery"
209,"https://www.joyalukkas.in/gold-floral-stud-bm11083286.html","https://cdn.joyalukkas.in/media/catalog/product/b/m/bm11083286_1.jpg?tr=w-360","₹44,264","₹48,967","on Making Charges","50% Off","Gold Floral Studs","New"
210,"https://www.joyalukkas.in/relished-crown-single-diamond-ring-kbjtdr0032.html","https://cdn.joyalukkas.in/media/catalog/product/k/b/kbjtdr0032_1.jpg?tr=w-360","₹134,266","₹141,447","on Making Charges","50% Off","Relished Crown Single Diamond Ring",
211,"https://www.joyalukkas.in/gold-floral-leaf-earring-tm11025348.html","https://cdn.joyalukkas.in/media/catalog/product/t/m/tm11025348_1.jpg?tr=w-360","₹42,258","₹46,662","on Making Charges","50% Off","Gold Floral Leaf Earring","New"
212,"https://www.joyalukkas.in/spring-blooming-flower-gold-ring-mz15062354.html","https://cdn.joyalukkas.in/media/catalog/product/m/z/mz15062354_1.jpg?tr=w-360","₹13,224","₹14,899","on Making Charges","50% Off","Spring Blooming Flower Gold Ring",
213,"https://www.joyalukkas.in/gold-floral-leaf-earring-tm11025349.html","https://cdn.joyalukkas.in/media/catalog/product/t/m/tm11025349_1.jpg?tr=w-360","₹42,216","₹46,615","on Making Charges","50% Off","Gold Floral Leaf Earring","Express Delivery"
214,"https://www.joyalukkas.in/gold-floral-cluster-jhumki-bn11161687.html","https://cdn.joyalukkas.in/media/catalog/product/b/n/bn11161687_1_1.jpg?tr=w-360","₹52,252","₹56,725","on Making Charges","50% Off","Gold Floral Cluster Jhumki","Express Delivery"
215,"https://www.joyalukkas.in/gold-floral-studs-bm11083288.html","https://cdn.joyalukkas.in/media/catalog/product/b/m/bm11083288_1.jpg?tr=w-360","₹30,257","₹33,478","on Making Charges","50% Off","Gold Floral Studs",
216,"https://www.joyalukkas.in/zesty-designer-single-diamond-ring-kbjtdrg010.html","https://cdn.joyalukkas.in/media/catalog/product/k/b/kbjtdrg010_1.jpg?tr=w-360","₹184,659","₹190,027","on Making Charges","50% Off","Zesty Designer Single Diamond Ring",
217,"https://www.joyalukkas.in/gold-pear-cluster-clip-on-earrings-tm11041119.html","https://cdn.joyalukkas.in/media/catalog/product/t/m/tm11041119_1.jpg?tr=w-360","₹41,153","₹45,503","on Making Charges","50% Off","Gold Pear Cluster Clip On Earrings","New"
218,"https://www.joyalukkas.in/gold-leaf-drop-earrings-bn11196438.html","https://cdn.joyalukkas.in/media/catalog/product/b/n/bn11196438_1_1.jpg?tr=w-360","₹49,707","₹54,834","on Making Charges","50% Off","Gold Leaf Drop Earrings","Express Delivery"
219,"https://www.joyalukkas.in/gold-floral-drop-studs-bm11083289.html","https://cdn.joyalukkas.in/media/catalog/product/b/m/bm11083289_1.jpg?tr=w-360","₹53,489","₹59,161","on Making Charges","50% Off","Gold Floral Drop Studs","Express Delivery"
220,"https://www.joyalukkas.in/gold-floral-stud-bn11200663.html","https://cdn.joyalukkas.in/media/catalog/product/b/n/bn11200663_1_1.jpg?tr=w-360","₹27,625","₹30,363","on Making Charges","50% Off","Gold Floral Studs","Express Delivery"
221,"https://www.joyalukkas.in/gold-tulip-leaf-stud-bm11083290.html","https://cdn.joyalukkas.in/media/catalog/product/b/m/bm11083290_1.jpg?tr=w-360","₹26,448","₹29,262","on Making Charges","50% Off","Gold Tulip Leaf Studs",
222,"https://www.joyalukkas.in/gold-heart-cluster-earring-tm11041121.html","https://cdn.joyalukkas.in/media/catalog/product/t/m/tm11041121_1.jpg?tr=w-360","₹36,607","₹40,517","on Making Charges","50% Off","Gold Heart Cluster Clip On Earrings","Express Delivery"
223,"https://www.joyalukkas.in/ethnic-gold-studs-bn11200775.html","https://cdn.joyalukkas.in/media/catalog/product/b/n/bn11200775_1_1.jpg?tr=w-360","₹34,682","₹37,395","on Making Charges","50% Off","Ethnic Gold Studs","Express Delivery"
224,"https://www.joyalukkas.in/gold-tulip-leaf-stud-earrings-bm11083291.html","https://cdn.joyalukkas.in/media/catalog/product/b/m/bm11083291_1.jpg?tr=w-360","₹27,563","₹30,501","on Making Charges","50% Off","Gold Tulip Leaf Stud Earrings","New"
225,"https://www.joyalukkas.in/beautiful-bandy-platinum-ring-eppr02551.html","https://cdn.joyalukkas.in/media/catalog/product/e/p/eppr02551_1_1.jpg?tr=w-360","₹31,572","₹37,971","on Making Charges","50% Off","Beautiful Bandy Platinum Ring",
226,"https://www.joyalukkas.in/heart-leaf-gold-ring-mz15062203.html","https://cdn.joyalukkas.in/media/catalog/product/m/z/mz15062203_1.jpg?tr=w-360","₹11,859","₹13,316","on Making Charges","50% Off","Heart Leaf Gold Ring","Express Delivery"
227,"https://www.joyalukkas.in/gold-apple-cluster-clip-on-earrings-tm11041122.html","https://cdn.joyalukkas.in/media/catalog/product/t/m/tm11041122_1.jpg?tr=w-360","₹43,862","₹48,510","on Making Charges","50% Off","Gold Apple Cluster Clip On Earrings",
228,"https://www.joyalukkas.in/gold-floral-leaf-studs-bm11083292.html","https://cdn.joyalukkas.in/media/catalog/product/b/m/bm11083292_1_1.jpg?tr=w-360","₹39,410","₹43,603","on Making Charges","50% Off","Gold Floral Leaf Studs","New"
229,"https://www.joyalukkas.in/gold-leaf-cluster-earring-tm11041123.html","https://cdn.joyalukkas.in/media/catalog/product/t/m/tm11041123_1.jpg?tr=w-360","₹38,664","₹42,792","on Making Charges","50% Off","Gold Leaf Cluster Clip On Earrings","Express Delivery"
230,"https://www.joyalukkas.in/gold-tulip-leaf-stud-earrings-bm11083294.html","https://cdn.joyalukkas.in/media/catalog/product/b/m/bm11083294_1.jpg?tr=w-360","₹31,575","₹34,938","on Making Charges","50% Off","Gold Tulip Leaf Stud Earrings","Express Delivery"
231,"https://www.joyalukkas.in/beautiful-whirling-plain-platinum-ring-eppr02414.html","https://cdn.joyalukkas.in/media/catalog/product/e/p/eppr02414_1_1.jpg?tr=w-360","₹46,079","₹55,401","on Making Charges","50% Off","Beautiful Whirling Plain Platinum Ring",
232,"https://www.joyalukkas.in/shining-star-diamond-ring-dsdr00004004.html","https://cdn.joyalukkas.in/media/catalog/product/d/s/dsdr00004004_1.jpg?tr=w-360","₹98,969","₹104,288","on Making Charges","50% Off","Shining Star Diamond Ring",
233,"https://www.joyalukkas.in/gold-heart-cluster-clip-on-earrings-tm11041124.html","https://cdn.joyalukkas.in/media/catalog/product/t/m/tm11041124_1.jpg?tr=w-360","₹38,337","₹42,410","on Making Charges","50% Off","Gold Heart Cluster Clip On Earrings","Express Delivery"
234,"https://www.joyalukkas.in/gold-floral-stud-bm11083295.html","https://cdn.joyalukkas.in/media/catalog/product/b/m/bm11083295_1.jpg?tr=w-360","₹45,174","₹49,974","on Making Charges","50% Off","Gold Floral Studs","Express Delivery"
235,"https://www.joyalukkas.in/designer-leaf-gold-ring-mz15062305.html","https://cdn.joyalukkas.in/media/catalog/product/m/z/mz15062305_1.jpg?tr=w-360","₹14,292","₹16,102","on Making Charges","50% Off","Designer Leaf Gold Ring","New"
236,"https://www.joyalukkas.in/gold-cluster-earring-tm11041125.html","https://cdn.joyalukkas.in/media/catalog/product/t/m/tm11041125_1.jpg?tr=w-360","₹36,082","₹40,206","on Making Charges","50% Off","Gold Cluster Clip On Earrings",
237,"https://www.joyalukkas.in/rose-gold-ring-mu1500011113.html","https://cdn.joyalukkas.in/media/catalog/product/m/u/mu1500011113_1.jpg?tr=w-360","₹13,216","₹16,266","on Making Charges","50% Off","Rose Gold Ring",
238,"https://www.joyalukkas.in/gold-floral-stud-bm11083298.html","https://cdn.joyalukkas.in/media/catalog/product/b/m/bm11083298_1.jpg?tr=w-360","₹51,359","₹56,832","on Making Charges","50% Off","Gold Floral Studs",
239,"https://www.joyalukkas.in/gold-rupee-cluster-clip-on-earrings-tm11041127.html","https://cdn.joyalukkas.in/media/catalog/product/t/m/tm11041127_1.jpg?tr=w-360","₹25,337","₹27,964","on Making Charges","50% Off","Gold Rupee Cluster Clip On Earrings","New"
240,"https://www.joyalukkas.in/gold-floral-leaf-studs-bm11083299.html","https://cdn.joyalukkas.in/media/catalog/product/b/m/bm11083299_1.jpg?tr=w-360","₹37,524","₹41,495","on Making Charges","50% Off","Gold Floral Leaf Studs","Express Delivery"
241,"https://www.joyalukkas.in/viny-pattern-radiant-platinum-ring-eppr02595.html","https://cdn.joyalukkas.in/media/catalog/product/e/p/eppr02595_1_1.jpg?tr=w-360","₹12,303","₹15,213","on Making Charges","50% Off","Viny Pattern Radiant Platinum Ring","Express Delivery"
242,"https://www.joyalukkas.in/smitten-hearts-gold-ring-mz15060564.html","https://cdn.joyalukkas.in/media/catalog/product/m/z/mz15060564_1.jpg?tr=w-360","₹18,685","₹21,052","on Making Charges","50% Off","Smitten Hearts Gold Ring",
,,,,,,,,
,,,,,,,,
,,,,,,,,
,,,,,,,,
,,,,,,,,
,,,,,,,,